,title,text,sentiments,sentiment_score
0,The Purpose of Art,"I believe Banksy's art is a powerful way to advocate for marginalized voices. We can use it to address local immigration issues, just like he does. Street art should be a platform for activism.",approval,0.6412369012832642
1,The Purpose of Art,"I believe Banksy's art is a powerful way to advocate for marginalized voices. We can use it to address local immigration issues, just like he does. Street art should be a platform for activism.",admiration,0.26269134879112244
0,The Purpose of Art,"While I see your point, I think Banksy’s work is often more about provoking thought than providing solutions. He uses satire to challenge societal norms, but that doesn’t always translate into actionable change. It can be seen as merely performative.",neutral,0.49418845772743225
1,The Purpose of Art,"While I see your point, I think Banksy’s work is often more about provoking thought than providing solutions. He uses satire to challenge societal norms, but that doesn’t always translate into actionable change. It can be seen as merely performative.",approval,0.41274532675743103
0,The Purpose of Art,"But isn’t it performative action that gets people talking? We need to engage the community through discussions sparked by our art, even if it's not a direct solution.",curiosity,0.4173913598060608
1,The Purpose of Art,"But isn’t it performative action that gets people talking? We need to engage the community through discussions sparked by our art, even if it's not a direct solution.",neutral,0.23018403351306915
0,The Purpose of Art,"I’m concerned about the risks of public engagement. Street art can be seen as vandalism, and if we align ourselves with controversial themes, it could backfire and lead to negative consequences for our careers as artists.",caring,0.5827654600143433
0,The Purpose of Art,"That’s a valid concern, but history shows that the most impactful art often comes from a place of risk. Banksy took that risk, and it’s paid off. If we want to create real dialogue, we must be willing to stand behind our beliefs, even if it means facing backlash.",approval,0.8190006613731384
0,The Purpose of Art,But does that mean we should intentionally provoke outrage? I believe there are ways to engage the community without putting ourselves in jeopardy.,confusion,0.5184875130653381
1,The Purpose of Art,But does that mean we should intentionally provoke outrage? I believe there are ways to engage the community without putting ourselves in jeopardy.,curiosity,0.4627763330936432
0,The Purpose of Art,We need to address local issues like immigration and identity through our art. That’s where we can make a significant impact.,approval,0.42221927642822266
0,The Purpose of Art,"While those are important, I think we need to consider a broader spectrum of local issues, including socioeconomic factors or environmental concerns. Focusing solely on immigration may alienate other groups in our community.",neutral,0.3095483183860779
1,The Purpose of Art,"While those are important, I think we need to consider a broader spectrum of local issues, including socioeconomic factors or environmental concerns. Focusing solely on immigration may alienate other groups in our community.",approval,0.22386442124843597
0,The Purpose of Art,"I don’t think highlighting specific issues is alienating. It’s about giving a voice to those who often go unheard. We can tackle multiple issues, but we must prioritize those most pressing in our community.",approval,0.35460522770881653
1,The Purpose of Art,"I don’t think highlighting specific issues is alienating. It’s about giving a voice to those who often go unheard. We can tackle multiple issues, but we must prioritize those most pressing in our community.",neutral,0.28651371598243713
2,The Purpose of Art,"I don’t think highlighting specific issues is alienating. It’s about giving a voice to those who often go unheard. We can tackle multiple issues, but we must prioritize those most pressing in our community.",disapproval,0.26304277777671814
0,The Purpose of Art,"I feel that while we can use street art for activism, we also have a responsibility to respect the community’s needs. Our art should reflect what the community wants, not just our own perspectives.",approval,0.7352876663208008
0,The Purpose of Art,"I disagree. Sometimes, the community doesn’t know what it needs until it sees it represented in art. Banksy’s work challenges the status quo; we should do the same and lead the conversation.",disapproval,0.8618916869163513
0,The Purpose of Art,"But art can also reinforce harmful stereotypes if it isn’t handled thoughtfully. We need to be mindful of how our messages are received, not just what we want to express.",caring,0.45887842774391174
1,The Purpose of Art,"But art can also reinforce harmful stereotypes if it isn’t handled thoughtfully. We need to be mindful of how our messages are received, not just what we want to express.",approval,0.20888082683086395
2,The Purpose of Art,"But art can also reinforce harmful stereotypes if it isn’t handled thoughtfully. We need to be mindful of how our messages are received, not just what we want to express.",neutral,0.20594695210456848
0,The Purpose of Art,"For me, success in using street art for activism is about creating a buzz and starting conversations. If we can engage the community in discussions about important issues, that’s a win.",approval,0.723173201084137
1,The Purpose of Art,"For me, success in using street art for activism is about creating a buzz and starting conversations. If we can engage the community in discussions about important issues, that’s a win.",admiration,0.3259519636631012
0,The Purpose of Art,"I think success should be measured by tangible outcomes. If we’re not seeing changes or actions taken in response to our art, then what’s the point? We need to focus on results, not just awareness.",curiosity,0.2808687686920166
1,The Purpose of Art,"I think success should be measured by tangible outcomes. If we’re not seeing changes or actions taken in response to our art, then what’s the point? We need to focus on results, not just awareness.",neutral,0.24019908905029297
2,The Purpose of Art,"I think success should be measured by tangible outcomes. If we’re not seeing changes or actions taken in response to our art, then what’s the point? We need to focus on results, not just awareness.",confusion,0.21189603209495544
3,The Purpose of Art,"I think success should be measured by tangible outcomes. If we’re not seeing changes or actions taken in response to our art, then what’s the point? We need to focus on results, not just awareness.",approval,0.20601408183574677
0,The Purpose of Art,"But awareness is the first step! If our art can make people think and talk about issues, that’s crucial. Change takes time; we can't expect immediate results.",neutral,0.4456325173377991
1,The Purpose of Art,"But awareness is the first step! If our art can make people think and talk about issues, that’s crucial. Change takes time; we can't expect immediate results.",approval,0.2657851576805115
0,The Role of Women in Banksy’s Art,"How can Banksy’s depictions of women in his art challenge cultural norms and stereotypes, and what can we learn from these representations for our own work?",curiosity,0.7225491404533386
1,The Role of Women in Banksy’s Art,"How can Banksy’s depictions of women in his art challenge cultural norms and stereotypes, and what can we learn from these representations for our own work?",confusion,0.2635694742202759
2,The Role of Women in Banksy’s Art,"How can Banksy’s depictions of women in his art challenge cultural norms and stereotypes, and what can we learn from these representations for our own work?",neutral,0.22034777700901031
0,The Role of Women in Banksy’s Art,"I think Banksy’s portrayal of women is really powerful. For instance, his piece with the little girl holding a balloon shows vulnerability, but it also suggests hope. It challenges the stereotype of women being helpless.",admiration,0.6581801772117615
1,The Role of Women in Banksy’s Art,"I think Banksy’s portrayal of women is really powerful. For instance, his piece with the little girl holding a balloon shows vulnerability, but it also suggests hope. It challenges the stereotype of women being helpless.",approval,0.2947930097579956
2,The Role of Women in Banksy’s Art,"I think Banksy’s portrayal of women is really powerful. For instance, his piece with the little girl holding a balloon shows vulnerability, but it also suggests hope. It challenges the stereotype of women being helpless.",optimism,0.23872658610343933
0,The Role of Women in Banksy’s Art,"I agree, Lila. I also see how Banksy uses irony in his work. For example, his depiction of a woman as a powerful figure, like in 'Girl with a Balloon,' subverts traditional roles. It encourages us to rethink how women are represented in art.",approval,0.898810863494873
0,The Role of Women in Banksy’s Art,"While I appreciate your points, I feel that Banksy sometimes uses women merely as symbols. Are we really challenging cultural norms if we don’t go deeper into their stories and struggles? His art can risk oversimplifying complex issues.",admiration,0.8146761059761047
1,The Role of Women in Banksy’s Art,"While I appreciate your points, I feel that Banksy sometimes uses women merely as symbols. Are we really challenging cultural norms if we don’t go deeper into their stories and struggles? His art can risk oversimplifying complex issues.",curiosity,0.4277579188346863
2,The Role of Women in Banksy’s Art,"While I appreciate your points, I feel that Banksy sometimes uses women merely as symbols. Are we really challenging cultural norms if we don’t go deeper into their stories and struggles? His art can risk oversimplifying complex issues.",confusion,0.307356059551239
0,The Role of Women in Banksy’s Art,"That’s an important critique, Jamal. I think we should also examine how these representations resonate with audiences. Banksy’s art invites conversations, which can lead to a broader understanding of women’s experiences. How can we use this approach in our own work to amplify these voices?",approval,0.5025305151939392
1,The Role of Women in Banksy’s Art,"That’s an important critique, Jamal. I think we should also examine how these representations resonate with audiences. Banksy’s art invites conversations, which can lead to a broader understanding of women’s experiences. How can we use this approach in our own work to amplify these voices?",curiosity,0.45000723004341125
0,The Role of Women in Banksy’s Art,"Exactly! It’s about starting dialogues. If we create art that reflects the complexities of women’s lives, we can honor those narratives. Maybe we can incorporate storytelling elements into our pieces to give depth to our representations.",approval,0.8360034823417664
0,The Role of Women in Banksy’s Art,"That sounds great! We could also explore different mediums, like incorporating digital elements or interactive installations that allow audiences to engage with the stories behind our artworks.",admiration,0.9162200093269348
0,The Role of Women in Banksy’s Art,"I like that idea, but we should be careful not to tokenize women in our art. It’s essential that we involve women from diverse backgrounds in the creative process. Their perspectives can help ensure that our work is authentic and respectful.",approval,0.7503482103347778
1,The Role of Women in Banksy’s Art,"I like that idea, but we should be careful not to tokenize women in our art. It’s essential that we involve women from diverse backgrounds in the creative process. Their perspectives can help ensure that our work is authentic and respectful.",admiration,0.22662410140037537
0,The Role of Women in Banksy’s Art,"Absolutely, Jamal. Collaboration is key. We should aim to create art that reflects lived experiences rather than just our interpretations of those experiences. How can we actively engage with these communities as we develop our projects?",approval,0.6520304679870605
1,The Role of Women in Banksy’s Art,"Absolutely, Jamal. Collaboration is key. We should aim to create art that reflects lived experiences rather than just our interpretations of those experiences. How can we actively engage with these communities as we develop our projects?",curiosity,0.28551384806632996
0,The Role of Women in Banksy’s Art,One way could be to host community workshops or discussions where we invite women to share their stories. We could use their input to guide our artistic decisions and ensure their voices are central in our work.,neutral,0.7223299741744995
0,The Role of Women in Banksy’s Art,That’s a fantastic idea! Engaging directly with the community would not only enrich our art but also create a sense of ownership among those whose stories we want to tell.,admiration,0.919370710849762
0,The Role of Women in Banksy’s Art,"And it can challenge the very norms we’re discussing! By giving space to real voices, we can contribute to changing the narrative around women in our communities.",approval,0.5939127802848816
1,The Role of Women in Banksy’s Art,"And it can challenge the very norms we’re discussing! By giving space to real voices, we can contribute to changing the narrative around women in our communities.",optimism,0.3094291090965271
2,The Role of Women in Banksy’s Art,"And it can challenge the very norms we’re discussing! By giving space to real voices, we can contribute to changing the narrative around women in our communities.",neutral,0.20697782933712006
0,The Role of Women in Banksy’s Art,This is such an inspiring conversation! It’s crucial that we remain aware of the power dynamics in our art and strive for inclusivity and authenticity in our representations.,admiration,0.8868438601493835
1,The Role of Women in Banksy’s Art,This is such an inspiring conversation! It’s crucial that we remain aware of the power dynamics in our art and strive for inclusivity and authenticity in our representations.,approval,0.3019188344478607
0,The Role of Women in Banksy’s Art,Definitely! I’m excited to see how we can bring these ideas into our projects and honor the narratives of women through our art.,excitement,0.8119327425956726
0,"In what ways can Banksy’s approach to street art foster community engagement and dialogue, and what are the potential drawbacks of using this medium?","How can Banksy’s approach to street art foster community engagement and dialogue, and what are the potential drawbacks of using this medium?",curiosity,0.6996785402297974
1,"In what ways can Banksy’s approach to street art foster community engagement and dialogue, and what are the potential drawbacks of using this medium?","How can Banksy’s approach to street art foster community engagement and dialogue, and what are the potential drawbacks of using this medium?",confusion,0.3029116690158844
2,"In what ways can Banksy’s approach to street art foster community engagement and dialogue, and what are the potential drawbacks of using this medium?","How can Banksy’s approach to street art foster community engagement and dialogue, and what are the potential drawbacks of using this medium?",neutral,0.24093657732009888
0,"In what ways can Banksy’s approach to street art foster community engagement and dialogue, and what are the potential drawbacks of using this medium?",I think Banksy’s work really engages the community by addressing social issues in a way that is accessible. Street art can break down barriers and invite discussions. What do you all think?,curiosity,0.4601112902164459
1,"In what ways can Banksy’s approach to street art foster community engagement and dialogue, and what are the potential drawbacks of using this medium?",I think Banksy’s work really engages the community by addressing social issues in a way that is accessible. Street art can break down barriers and invite discussions. What do you all think?,approval,0.3612016439437866
0,"In what ways can Banksy’s approach to street art foster community engagement and dialogue, and what are the potential drawbacks of using this medium?","I agree that street art can foster dialogue, but we have to consider how effective it really is. People might enjoy the art but not engage with the underlying messages.",approval,0.9029353260993958
0,"In what ways can Banksy’s approach to street art foster community engagement and dialogue, and what are the potential drawbacks of using this medium?",Exactly! Just because something looks good doesn’t mean it’s sparking real conversations. We have to think about how to ensure our art isn’t just visually appealing but also thought-provoking.,approval,0.8131099939346313
0,"In what ways can Banksy’s approach to street art foster community engagement and dialogue, and what are the potential drawbacks of using this medium?","But isn’t the visual appeal part of what draws people in? If we can get them to look at the art, we have a chance to get them thinking about the issues it represents.",curiosity,0.5218013525009155
1,"In what ways can Banksy’s approach to street art foster community engagement and dialogue, and what are the potential drawbacks of using this medium?","But isn’t the visual appeal part of what draws people in? If we can get them to look at the art, we have a chance to get them thinking about the issues it represents.",neutral,0.42941322922706604
0,"In what ways can Banksy’s approach to street art foster community engagement and dialogue, and what are the potential drawbacks of using this medium?","True, but if people walk away only impressed by the aesthetics without understanding the message, have we really achieved our goal?",curiosity,0.29248252511024475
1,"In what ways can Banksy’s approach to street art foster community engagement and dialogue, and what are the potential drawbacks of using this medium?","True, but if people walk away only impressed by the aesthetics without understanding the message, have we really achieved our goal?",approval,0.2727677524089813
0,"In what ways can Banksy’s approach to street art foster community engagement and dialogue, and what are the potential drawbacks of using this medium?","Banksy’s art is often provocative, which is part of what makes it powerful. It can challenge viewers' assumptions and spark important conversations.",approval,0.6378506422042847
1,"In what ways can Banksy’s approach to street art foster community engagement and dialogue, and what are the potential drawbacks of using this medium?","Banksy’s art is often provocative, which is part of what makes it powerful. It can challenge viewers' assumptions and spark important conversations.",admiration,0.2847631871700287
2,"In what ways can Banksy’s approach to street art foster community engagement and dialogue, and what are the potential drawbacks of using this medium?","Banksy’s art is often provocative, which is part of what makes it powerful. It can challenge viewers' assumptions and spark important conversations.",neutral,0.2790945768356323
0,"In what ways can Banksy’s approach to street art foster community engagement and dialogue, and what are the potential drawbacks of using this medium?","I see your point, but provoking thought can also lead to misinterpretation. If the message isn’t clear, people may take away completely different meanings, which could dilute the intended impact.",approval,0.7828827500343323
0,"In what ways can Banksy’s approach to street art foster community engagement and dialogue, and what are the potential drawbacks of using this medium?","That’s a valid concern, Maximilian. However, isn’t it also important to allow space for individual interpretation? Art can mean different things to different people, and that’s part of its beauty.",approval,0.6500890851020813
1,"In what ways can Banksy’s approach to street art foster community engagement and dialogue, and what are the potential drawbacks of using this medium?","That’s a valid concern, Maximilian. However, isn’t it also important to allow space for individual interpretation? Art can mean different things to different people, and that’s part of its beauty.",admiration,0.5662072896957397
0,"In what ways can Banksy’s approach to street art foster community engagement and dialogue, and what are the potential drawbacks of using this medium?",I think there’s a balance to strike. We want to provoke thought but also guide people towards the intended message. Maybe we can incorporate text or explanations alongside our art to clarify our points.,neutral,0.5056735277175903
1,"In what ways can Banksy’s approach to street art foster community engagement and dialogue, and what are the potential drawbacks of using this medium?",I think there’s a balance to strike. We want to provoke thought but also guide people towards the intended message. Maybe we can incorporate text or explanations alongside our art to clarify our points.,desire,0.231251060962677
0,"In what ways can Banksy’s approach to street art foster community engagement and dialogue, and what are the potential drawbacks of using this medium?","That might help, but we should also be cautious not to over-explain. If we do, it could take away from the power of the artwork itself.",caring,0.6264790296554565
0,"In what ways can Banksy’s approach to street art foster community engagement and dialogue, and what are the potential drawbacks of using this medium?","Engaging with the community can enhance our work. By getting feedback from local residents, we can make sure our art resonates with them and addresses their concerns.",approval,0.4766440987586975
1,"In what ways can Banksy’s approach to street art foster community engagement and dialogue, and what are the potential drawbacks of using this medium?","Engaging with the community can enhance our work. By getting feedback from local residents, we can make sure our art resonates with them and addresses their concerns.",neutral,0.271901398897171
2,"In what ways can Banksy’s approach to street art foster community engagement and dialogue, and what are the potential drawbacks of using this medium?","Engaging with the community can enhance our work. By getting feedback from local residents, we can make sure our art resonates with them and addresses their concerns.",optimism,0.20539343357086182
0,"In what ways can Banksy’s approach to street art foster community engagement and dialogue, and what are the potential drawbacks of using this medium?","I think involving the community is crucial, but we need to be careful about how we frame our questions. If we only ask leading questions, we might not get honest feedback.",caring,0.39293017983436584
1,"In what ways can Banksy’s approach to street art foster community engagement and dialogue, and what are the potential drawbacks of using this medium?","I think involving the community is crucial, but we need to be careful about how we frame our questions. If we only ask leading questions, we might not get honest feedback.",approval,0.28343603014945984
2,"In what ways can Banksy’s approach to street art foster community engagement and dialogue, and what are the potential drawbacks of using this medium?","I think involving the community is crucial, but we need to be careful about how we frame our questions. If we only ask leading questions, we might not get honest feedback.",neutral,0.24676679074764252
0,"In what ways can Banksy’s approach to street art foster community engagement and dialogue, and what are the potential drawbacks of using this medium?","That’s a great point, Fatima. We need to create a space where community members feel safe to express their true feelings, even if it contradicts our vision.",admiration,0.8734329342842102
1,"In what ways can Banksy’s approach to street art foster community engagement and dialogue, and what are the potential drawbacks of using this medium?","That’s a great point, Fatima. We need to create a space where community members feel safe to express their true feelings, even if it contradicts our vision.",approval,0.2253785878419876
0,"In what ways can Banksy’s approach to street art foster community engagement and dialogue, and what are the potential drawbacks of using this medium?","I understand that, but isn’t there a risk that we might end up compromising our artistic vision? If we cater too much to community input, we could lose the essence of what we wanted to express.",confusion,0.39799386262893677
1,"In what ways can Banksy’s approach to street art foster community engagement and dialogue, and what are the potential drawbacks of using this medium?","I understand that, but isn’t there a risk that we might end up compromising our artistic vision? If we cater too much to community input, we could lose the essence of what we wanted to express.",curiosity,0.2804083824157715
2,"In what ways can Banksy’s approach to street art foster community engagement and dialogue, and what are the potential drawbacks of using this medium?","I understand that, but isn’t there a risk that we might end up compromising our artistic vision? If we cater too much to community input, we could lose the essence of what we wanted to express.",neutral,0.20119966566562653
0,"In what ways can Banksy’s approach to street art foster community engagement and dialogue, and what are the potential drawbacks of using this medium?","But isn’t it our responsibility as artists to reflect the community’s voice? If we ignore their perspectives, we risk creating art that’s disconnected from the very people it’s meant to engage.",curiosity,0.3692184090614319
1,"In what ways can Banksy’s approach to street art foster community engagement and dialogue, and what are the potential drawbacks of using this medium?","But isn’t it our responsibility as artists to reflect the community’s voice? If we ignore their perspectives, we risk creating art that’s disconnected from the very people it’s meant to engage.",confusion,0.32462385296821594
2,"In what ways can Banksy’s approach to street art foster community engagement and dialogue, and what are the potential drawbacks of using this medium?","But isn’t it our responsibility as artists to reflect the community’s voice? If we ignore their perspectives, we risk creating art that’s disconnected from the very people it’s meant to engage.",neutral,0.27590706944465637
