discussion_id,title,message,posted_at,user_name,reply_id,created_at
1.1,Using AR/VR to Preserve Indigenous Languages and Cultures,"AR and VR can be a powerful tool to preserve and revitalize Indigenous languages and cultures. Immersive environments can allow people to experience traditions, stories, and ceremonies that would otherwise be lost due to climate displacement. This could be a lifeline for endangered cultures.",,,,
1.1,Using AR/VR to Preserve Indigenous Languages and Cultures,"While I see the potential, we can't ignore that AR/VR is an expensive technology, and Indigenous communities often lack the resources to access these tools. Are we pushing a technological solution that is out of reach for the people it?s supposed to benefit?",,,,
1.1,Using AR/VR to Preserve Indigenous Languages and Cultures,"That?s why governments and tech companies should be responsible for funding these initiatives. If we make the technology accessible, AR/VR could empower these communities rather than leave them behind. It?s about preserving knowledge that?s priceless.",,,,
1.1,Using AR/VR to Preserve Indigenous Languages and Cultures,"But there?s also the question of whether these digital representations can truly capture the depth and spirit of a living culture. Technology has limitations, and we shouldn?t rely on it as a replacement for real-world connection and preservation.",,,,
1.2,AR/VR for Climate Change Education,"AR/VR should be at the forefront of climate change education. Imagine students across the world being able to virtually walk through deforested areas, melting ice caps, or coral reefs in decline. This immersive experience would be far more impactful than reading reports or watching videos.",,,,
1.2,AR/VR for Climate Change Education,"I agree that AR/VR can enhance education, but it?s still not accessible to everyone. In poorer regions, where climate education is most needed, people don?t have access to high-tech devices. Isn?t this a luxury for wealthy nations?",,,,
1.2,AR/VR for Climate Change Education,"That?s precisely why we need investment in making this technology affordable and widespread. AR/VR can break down barriers in education. If governments and international organizations prioritize funding, it can be accessible to everyone, not just the wealthy.",,,,
1.2,AR/VR for Climate Change Education,"Even with funding, the digital divide is still a major issue. What good is an AR/VR simulation if it doesn?t reach the people most affected by climate change? We need to focus on practical, immediate education solutions, not just futuristic tech.",,,,
1.3,AR/VR for Immersive Climate Policy Debates,"We should be using AR/VR in global climate policy discussions. Imagine decision-makers being fully immersed in a virtual simulation of rising sea levels or wildfires, feeling the impacts firsthand. It would force leaders to confront the realities of climate change and push for more aggressive action.",,,,
1.3,AR/VR for Immersive Climate Policy Debates,"I don?t disagree that immersive experiences can be powerful, but do we really need VR to get leaders to take action? The facts are already clear?climate change is happening. If they haven?t acted by now, will virtual reality really make a difference?",,,,
1.3,AR/VR for Immersive Climate Policy Debates,"Yes, because facts alone aren?t always enough. People are more likely to act when they can emotionally connect with an issue. AR/VR has the power to make the consequences of inaction more real. It?s about pushing people out of their comfort zones.",,,,
1.3,AR/VR for Immersive Climate Policy Debates,"But we run the risk of turning climate policy into spectacle. Leaders don?t need more flashy tech; they need the political will to make tough decisions. Virtual reality might move them emotionally, but will it lead to concrete action?",,,,
1.4,AR/VR to Recreate Indigenous Land and Ecological Systems,"AR/VR could help Indigenous communities rebuild and recreate their ancestral lands in virtual spaces. These simulations could serve as powerful tools for education, as well as a way for displaced communities to reconnect with their roots and teach future generations about their ecosystems.",,,,
1.4,AR/VR to Recreate Indigenous Land and Ecological Systems,"I can see the value in using AR/VR for education, but can these digital recreations truly capture the essence of living on that land? There?s something irreplaceable about being physically connected to the environment?can a virtual experience really substitute for that?",,,,
1.4,AR/VR to Recreate Indigenous Land and Ecological Systems,"It?s not about replacing the real world?it?s about preserving knowledge and creating new ways to engage with these ecosystems. Many Indigenous lands are being lost to climate change. AR/VR could offer a way to keep these traditions and environments alive, even if the physical land is gone.",,,,
1.4,AR/VR to Recreate Indigenous Land and Ecological Systems,"I understand that, but we need to be careful not to treat AR/VR as a solution to real-world displacement. It?s a tool for education and preservation, but it doesn?t address the root issue?Indigenous communities need real-world protections for their land.",,,,
1.5,AR/VR for Global Climate Activism,"AR/VR can transform global climate activism. Virtual protests, where people from all over the world can participate in immersive demonstrations or visualizations of the impact of climate disasters, could bring much-needed attention to the climate crisis. It could unify activists like never before.",,,,
1.5,AR/VR for Global Climate Activism,"That sounds exciting, but I?m skeptical. Activism is about being on the ground, in the real world, confronting power structures face-to-face. How can virtual activism be as effective? It might bring awareness, but will it lead to real change?",,,,
1.5,AR/VR for Global Climate Activism,"Virtual activism isn?t meant to replace traditional activism?it?s meant to amplify it. Imagine the visibility a global virtual protest could bring, especially to those who can?t physically protest due to geographical or political restrictions. It gives a voice to people who might otherwise be silenced.",,,,
1.5,AR/VR for Global Climate Activism,"But there?s also the risk that it makes activism too comfortable?people could feel like they?re contributing without actually engaging in meaningful, real-world efforts. Virtual protests are impactful, but they should never replace direct action.",,,,
2.1,GenAI for Generating Climate Change Models,"GenAI has the power to generate predictive climate models with unprecedented speed and accuracy. It can analyze vast amounts of environmental data, simulate various climate scenarios, and help scientists and policymakers make informed decisions.",,,,
2.1,GenAI for Generating Climate Change Models,"While GenAI can create impressive models, there?s a danger in over-reliance on algorithms. Climate modeling is complex, and AI predictions are only as good as the data it?s trained on. If there are biases or gaps in the data, we risk making flawed decisions based on inaccurate models.",,,,
2.1,GenAI for Generating Climate Change Models,"But the more data we feed into the system, the better it gets. GenAI can learn from a vast array of climate patterns that humans might overlook. It?s not perfect, but it?s a powerful tool to enhance human analysis.",,,,
2.1,GenAI for Generating Climate Change Models,"Even with vast amounts of data, GenAI can?t fully capture the unpredictability of natural systems. Human expertise and caution are still needed to interpret these models.",,,,
2.2,GenAI for Indigenous Language Revitalization,"GenAI can help revitalize endangered Indigenous languages by generating new content?stories, songs, and teaching materials. It can analyze linguistic patterns and create educational tools to teach younger generations, preserving these languages for the future.",,,,
2.2,GenAI for Indigenous Language Revitalization,"But isn?t there a danger of cultural appropriation? GenAI might be able to mimic the language, but it could lack the cultural context and meaning behind the words. We risk losing the depth and significance of these languages if we treat them like data to be generated.",,,,
2.2,GenAI for Indigenous Language Revitalization,"That?s why collaboration with Indigenous communities is key. GenAI shouldn?t replace cultural transmission but rather assist in creating accessible resources for education, guided by those who speak the language.",,,,
2.2,GenAI for Indigenous Language Revitalization,"Still, technology can?t replicate the relational aspect of language learning, where traditions and values are passed down through human interaction. We need to be careful that AI doesn?t reduce language to just words on a screen.",,,,
2.3,GenAI in Climate Communication and Awareness,"GenAI can revolutionize climate communication by generating personalized reports, articles, and even visualizations that cater to different audiences. It can make complex climate science more accessible and engaging, helping people understand the urgency of the crisis.",,,,
2.3,GenAI in Climate Communication and Awareness,But do we risk oversimplifying climate science? GenAI-generated content might prioritize clickbait or simplified narratives that misrepresent the complexity of climate change. It?s important that we don?t reduce serious issues to algorithm-driven soundbites.,,,,
2.3,GenAI in Climate Communication and Awareness,"GenAI can actually help break down barriers in understanding complex data. By making information more relatable and digestible, it encourages public engagement in climate action. And it?s not replacing scientists?it?s supporting them in spreading knowledge.",,,,
2.3,GenAI in Climate Communication and Awareness,"But if people start relying on AI-generated content as their main source of information, we might see a disconnect between what?s true and what?s sensationalized. Careful curation and oversight are needed.",,,,
2.4,GenAI for Mapping Indigenous Ecological Knowledge,"GenAI can help map out traditional ecological knowledge from Indigenous communities, creating databases of biodiversity, land management practices, and medicinal plant uses. This could be invaluable for climate adaptation strategies and conservation efforts.",,,,
2.4,GenAI for Mapping Indigenous Ecological Knowledge,There?s a danger that these databases could be exploited by corporations or governments without proper consultation or consent from the Indigenous communities. GenAI should never be used to commercialize or extract knowledge that belongs to these groups.,,,,
2.4,GenAI for Mapping Indigenous Ecological Knowledge,"That?s a valid concern, but with proper ethical guidelines and collaboration, GenAI can help preserve this knowledge for future generations, ensuring that it?s not lost as climate change displaces these communities.",,,,
2.4,GenAI for Mapping Indigenous Ecological Knowledge,"Ethical guidelines are only as strong as the entities enforcing them. We need to make sure that Indigenous people have full control over how their knowledge is used and shared, even with GenAI assistance.",,,,
2.5,GenAI for Addressing Climate Inequality,"GenAI can help address climate inequality by generating solutions tailored to specific communities. For example, it can analyze local climate impacts and suggest strategies for adaptation, especially for vulnerable populations who are disproportionately affected by climate change.",,,,
2.5,GenAI for Addressing Climate Inequality,But AI-generated solutions can sometimes overlook the human and social dimensions of climate inequality. It might come up with a solution that looks good on paper but doesn?t consider the historical and social context of the affected communities.,,,,
2.5,GenAI for Addressing Climate Inequality,"That?s why GenAI should be used in collaboration with local experts and communities. It?s a tool to enhance human decision-making, not replace it. It can process vast amounts of data quickly, providing insights that humans might miss.",,,,
2.5,GenAI for Addressing Climate Inequality,"I agree collaboration is key, but AI can still oversimplify these complex social issues. We need to ensure that it?s used responsibly and that human voices aren?t drowned out by algorithmic decision-making.",,,,
3.1,Aligning GenAI with Course Objectives on Climate Literacy,"One of our course objectives is to enhance climate literacy among students. I believe integrating GenAI into our discussions can help achieve this by providing personalized learning experiences. For instance, we could use GenAI to generate tailored climate reports that reflect local conditions and solutions.",,,,
3.1,Aligning GenAI with Course Objectives on Climate Literacy,"That?s a great idea, but how do we assess whether students are genuinely understanding the material or just relying on AI-generated content? We need to ensure that assessments reflect critical thinking, not just regurgitated information from AI.",,,,
3.1,Aligning GenAI with Course Objectives on Climate Literacy,"Absolutely. Perhaps we could design assessments that require students to analyze AI-generated reports critically, comparing them against scientific literature to evaluate accuracy and biases.",,,,
3.2,Ethical Considerations of GenAI in Indigenous Language Education,One of our key objectives is to explore the intersection of technology and Indigenous knowledge systems. We must discuss the ethical implications of using GenAI in language education. How do we ensure that Indigenous voices are central in creating AI content?,,,,
3.2,Ethical Considerations of GenAI in Indigenous Language Education,"That?s crucial. For assessments, we could require students to propose ethical frameworks for using GenAI in language preservation, ensuring that Indigenous communities have a say in how their languages are represented.",,,,
3.2,Ethical Considerations of GenAI in Indigenous Language Education,And we could evaluate those proposals based on how well they incorporate community engagement and respect for cultural nuances. This aligns with our goal of fostering critical discussions on technology's role.,,,,
3.3,Evaluating GenAI?s Role in Climate Action Campaigns,"As we?ve discussed, GenAI can enhance climate communication. Our course objectives include promoting climate activism. How about we assess students on their ability to create an AR/VR climate action campaign that uses GenAI to generate compelling content?",,,,
3.3,Evaluating GenAI?s Role in Climate Action Campaigns,"That sounds innovative! However, we need to ensure students also understand the limitations of AI-generated content. Assessments could include a critical reflection component where they evaluate the effectiveness and ethical implications of their campaigns.",,,,
3.3,Evaluating GenAI?s Role in Climate Action Campaigns,Exactly. This would challenge students to think critically about how technology can aid activism while also recognizing the need for genuine human connection in their messages.,,,,
3.4,Integrating Local Knowledge with GenAI Solutions,A course objective is to appreciate diverse perspectives in climate discussions. We could explore how GenAI can synthesize local Indigenous ecological knowledge with scientific data to create comprehensive climate action strategies.,,,,
3.4,Integrating Local Knowledge with GenAI Solutions,"For assessments, we could have students work in groups to develop a proposal that uses GenAI to merge these knowledge systems. They could present their findings on how these integrative strategies could address specific local climate issues.",,,,
3.4,Integrating Local Knowledge with GenAI Solutions,"That would not only encourage collaboration but also emphasize the importance of respecting and valuing Indigenous knowledge in climate solutions. Plus, it aligns perfectly with our course's emphasis on inclusivity.",,,,
3.5,Monitoring GenAI's Impact on Climate Inequality,A key objective of our course is to critically assess the impacts of climate change on different communities. We should discuss how GenAI can identify and monitor climate inequality but also address its potential biases.,,,,
3.5,Monitoring GenAI's Impact on Climate Inequality,"To assess this understanding, we could have students analyze a case study where GenAI was applied to climate inequality. They could evaluate its effectiveness and propose improvements to the approach, ensuring they understand both its advantages and pitfalls.",,,,
3.5,Monitoring GenAI's Impact on Climate Inequality,That?s a solid approach. It would push students to engage deeply with the material while considering the real-world implications of using AI in climate advocacy.,,,,
4.1,Climate Refugees and Economic Priorities,"The rising number of climate refugees is an undeniable crisis, yet wealthier nations continue to prioritize their economic interests over humanitarian needs. Why aren?t more countries opening their borders to those displaced by climate disasters?",,,,
4.1,Climate Refugees and Economic Priorities,"I agree that climate refugees need more support, but we can?t ignore the economic realities of each nation. Many countries are already struggling with their own economic issues, and opening borders without a plan can lead to job shortages and strain on social services. It?s not just about empathy; it?s about sustainable integration.",,,,
4.1,Climate Refugees and Economic Priorities,"But Dmitri, we can?t just turn a blind eye to people fleeing for their lives. If wealthier nations are benefiting from industries that cause climate change, shouldn?t they bear more responsibility for the consequences? Refusing to take in refugees just perpetuates inequality.",,,,
4.2,Economic Growth vs. Environmental Regulations,"In developing countries like mine, stringent environmental regulations are often seen as barriers to economic growth. But how do we balance this with the need to protect our planet? Do we prioritize short-term economic growth or long-term environmental sustainability?",,,,
4.2,Economic Growth vs. Environmental Regulations,"Wei, I understand the dilemma, but we have to think long-term. Environmental damage from unchecked industrial growth will eventually undermine the very economy you?re trying to protect. Look at Bangladesh, where rising sea levels are already threatening agriculture. The cost of inaction will be far higher.",,,,
4.2,Economic Growth vs. Environmental Regulations,"Amina, while I agree that long-term sustainability is important, developing countries can?t afford to halt growth for the sake of environmental concerns alone. We need jobs, infrastructure, and progress. Striking a balance is essential, but pushing too hard for environmental regulations could trap us in poverty.",,,,
4.3,Renewable Energy and Economic Equity,"The push for renewable energy is essential, but it's often framed in a way that benefits wealthier nations while leaving poorer countries behind. Solar and wind farms are expensive to install, and developing countries can?t easily afford them. Shouldn?t we be addressing the economic disparity in this green transition?",,,,
4.3,Renewable Energy and Economic Equity,"Fatima, the cost argument is valid, but if we continue using fossil fuels, the long-term cost to developing nations will be much worse?droughts, floods, loss of crops. Wealthier nations need to subsidize renewable energy projects in poorer countries. We can?t wait for economic equity before taking action on climate.",,,,
4.3,Renewable Energy and Economic Equity,"I agree, Luis, but those subsidies are often tied up in bureaucratic processes or come with strings attached. Developing nations don?t want to be beholden to wealthier countries for help. We need solutions that empower us economically, not make us dependent.",,,,
4.4,Cultural Impact of Climate Change on Indigenous Communities,"Climate change doesn?t just affect the environment?it?s erasing cultures. Indigenous communities are losing their lands, which are central to their identities. How can we prioritize cultural preservation in climate policies?",,,,
4.4,Cultural Impact of Climate Change on Indigenous Communities,"Lina, I agree that cultural preservation is important, but in a crisis, sometimes hard choices have to be made. Prioritizing the environment as a whole might mean sacrifices in certain areas, including cultural practices that rely on unsustainable land use. It?s a painful trade-off, but necessary for the greater good.",,,,
4.4,Cultural Impact of Climate Change on Indigenous Communities,"Hiroshi, I completely disagree. We can?t ask people to sacrifice their identities for the sake of environmentalism. Indigenous knowledge is a vital part of climate adaptation, and erasing that is counterproductive. We need to find solutions that respect and preserve cultures, not just the environment.",,,,
4.5,Carbon Taxes and Economic Impact,"I believe implementing global carbon taxes is necessary to curb emissions, but I?ve heard the argument that it could disproportionately harm low-income households and small businesses. Is the economic burden worth the environmental gain?",,,,
4.5,Carbon Taxes and Economic Impact,"Alex, I think carbon taxes are essential, but you?re right?they need to be designed in a way that doesn?t hurt the most vulnerable. That?s why the revenue from these taxes should be reinvested into communities to support those affected. Otherwise, we?re just trading one injustice for another.",,,,
4.5,Carbon Taxes and Economic Impact,"But Maya, even if the revenue is reinvested, how do we ensure that small businesses and low-income families aren?t disproportionately burdened in the short term? The transition to a greener economy can?t leave people behind, but we need to act quickly to prevent environmental collapse.",,,,
5.1,Economic Collapse and the Push for Green Innovation,"The idea that we can innovate our way out of climate change is naive. The global economy is on the brink of collapse because of over-reliance on technology and consumerism. The constant push for new 'green' technologies, without addressing the root cause?overconsumption?won't save us.",,,,
5.1,Economic Collapse and the Push for Green Innovation,"Amina, that?s incredibly shortsighted. Green innovation is exactly what we need right now. We can?t roll back economic progress or expect people to give up modern conveniences overnight. Innovations in renewable energy, sustainable agriculture, and AI-driven solutions are the way forward. If we halt progress, we?re done.",,,,
5.1,Economic Collapse and the Push for Green Innovation,"Hiroshi, you?re part of the problem. This blind faith in technology ignores the deeper issue?the consumption-driven economic model. Greenwashing products and relying on tech won?t save us if we keep exploiting resources at this rate. The system itself needs to change, not just the technology.",,,,
5.1,Economic Collapse and the Push for Green Innovation,"You?re living in a fantasy world if you think we can tear down the entire system. Realistically, technology is what keeps billions of people fed, housed, and connected. You can?t just press reset. Green innovation isn?t a bandaid?it?s a necessity.",,,,
5.2,Global Responsibility for Climate Reparations,"Countries that have historically polluted the most, like the U.S. and China, should be paying reparations to nations suffering the most from climate change. This is a matter of justice. Why should nations like mine in the Gulf bear the brunt of climate disasters caused by Western overconsumption?",,,,
5.2,Global Responsibility for Climate Reparations,"Fatima, blaming the West alone ignores the fact that developing countries like mine have also contributed massively to emissions. China is the largest emitter today, and we?ve benefited from industrialization. The issue is global now. We all need to share the responsibility.",,,,
5.2,Global Responsibility for Climate Reparations,"Wei, that?s easy to say when your country has reaped the benefits of industrialization. My country has faced droughts and heat waves while barely contributing to the problem in comparison. Reparations aren?t about pointing fingers?they?re about compensating those most affected by a crisis they didn?t cause.",,,,
5.2,Global Responsibility for Climate Reparations,"Reparations might sound fair in theory, but implementing them would only create more division. Instead of focusing on past blame, we should be working together on global solutions. If we get caught up in who owes whom, we?ll never move forward.",,,,
5.3,Population Control as a Solution to Resource Scarcity,"The uncomfortable truth is that population control should be part of the solution to climate change. We can?t keep growing endlessly and expect the planet to support us. Less consumption is important, but fewer people means less strain on resources. We need to stop treating this topic as taboo.",,,,
5.3,Population Control as a Solution to Resource Scarcity,"Dmitri, do you realize how dangerous that line of thinking is? You?re talking about controlling people?s lives in a way that disproportionately affects the poor and marginalized communities. We can?t justify such authoritarian measures in the name of climate action. Who decides whose population gets controlled?",,,,
5.3,Population Control as a Solution to Resource Scarcity,"Lina, I?m not advocating for draconian measures, but we can?t ignore the fact that population growth is a major factor in resource depletion. It?s a practical reality. If we keep growing at this rate, no amount of green technology or sustainability efforts will be enough.",,,,
5.3,Population Control as a Solution to Resource Scarcity,"What you're suggesting is still rooted in privilege. The wealthy have the luxury of limiting their family sizes, while many in poorer nations have large families out of necessity, not choice. Targeting population growth is a way of shifting the blame away from overconsumption by the rich.",,,,
5.4,Geoengineering and Climate Manipulation,"I?m horrified that geoengineering is even being considered as a serious solution to climate change. Manipulating the climate is dangerous, unethical, and could have catastrophic consequences. We?re playing with forces we don?t fully understand.",,,,
5.4,Geoengineering and Climate Manipulation,"Chloe, I understand your fear, but we?re running out of options. Geoengineering could be the last line of defense against the worst effects of climate change. It?s risky, yes, but what?s riskier is doing nothing as sea levels rise and crops fail.",,,,
5.4,Geoengineering and Climate Manipulation,"Alex, you?re suggesting we gamble with the entire planet! We can?t just ?experiment? with geoengineering and hope for the best. The potential unintended consequences?disrupting ecosystems, worsening regional weather patterns?are too high a price to pay.",,,,
5.4,Geoengineering and Climate Manipulation,"I don?t disagree that the risks are high, but we?re past the point of no return. If we don?t explore radical solutions like geoengineering, the suffering will be far worse. We need to proceed cautiously, but we can?t dismiss it outright.",,,,
5.5,The Role of Capitalism in Climate Solutions,"Capitalism is the root of the climate crisis. The endless pursuit of profit has led to the exploitation of natural resources, inequality, and environmental degradation. We need to fundamentally rethink our economic systems if we?re serious about saving the planet.",,,,
5.5,The Role of Capitalism in Climate Solutions,"Luis, I think blaming capitalism alone is overly simplistic. It?s true that unchecked capitalism has caused damage, but it also fuels innovation and entrepreneurship. Completely abandoning it isn?t realistic. We need a hybrid model that promotes sustainability and responsible growth.",,,,
5.5,The Role of Capitalism in Climate Solutions,"Fatima, that?s exactly the problem?people keep trying to ?fix? capitalism instead of acknowledging that it?s inherently flawed. It?s not just about innovation; it?s about systemic exploitation. You can?t build a truly sustainable world on a foundation of profit-driven motives.",,,,
5.5,The Role of Capitalism in Climate Solutions,"Luis, I hear you, but radical shifts like abandoning capitalism altogether would lead to chaos. We can reform it to make it work for the planet. Other systems have their own flaws too. The focus should be on improving, not dismantling.",,,,
